Hora,Delta Pn
0,0
1,7.027999999999999
2,11.761441211519998
3,19.3028067608273
4,30.64829191823202
5,46.02906381093007
6,63.058093771616214
7,74.55564260719407
8,70.50257535689809
9,49.079442876860696
10,24.071297868692454
11,8.777274649367655
12,2.70460299379414
13,0.7799754830422785
14,0.22026093147167103
15,0.06182157817119105
16,0.017321732178970706
17,0.004851002555369632
18,0.0013583526736624663
19,0.000380344390805476
20,0.00010649687169461686
